file,bytes_before,bytes_after,sha256_before,sha256_after
Accounting_QCAA_Revision_App_v1_Standalone.html,119092,121394,dcc2013a853e818e714cdce3706d27b0441e153fca73af35bc5c8bcaf8db1d3a,9f276dfa8dbb2c4fd457d9d1a1ebc3cb40ad59a225abb8cdcc97d97b632a8acb
Biology_QCAA_Practice_App_v1_Standalone.html,277133,279435,0083d1d8800fa8a9c4c0332b16b92bf6da92f5eeade6cca77793dc8c3cdccd71,5d6225c5b9e691488d9c4fe48125ca211a1be494192438abca5940dc7b1d3c5e
Business_QCAA_Practice_App_v1_Standalone.html,348679,350981,157ca79e7de82d158cf13995c6fac1e9186c12f2da21a849a9919f4c489752f7,c20a759c4e45b3aa5a3194512615ecdc203b315c79fc960d3f348ec60505a4c0
Chemistry_QCAA_Practice_App_v1_Standalone.html,265002,267304,8700c2c51bfba78b33b6233c207d8190a8f6b7c9d038e332ad7bcc615c1bbad5,0a5666b9432de00d759ddf6fdb2f87a223901c139efc67893238fa928ed3e2b0
Chinese_QCAA_Revision_App_v1_Standalone.html,123701,126003,9b0b8108de5c61e66a9de5d3d9ca10f83ab93d5d3d2a7f0c24233a1ab427d731,3b86387087baf7fdb573204f5baef7537b459316affb017a6bcc6b83b27ad036
Design_QCAA_Practice_App_v1.2_Standalone.html,75386,77688,d42f2173f183214d752b8379d6dbf255ec9a2e69d709c45c53fde9c68a81754b,a320225b4714b9fea89adf599b765a2cfd2f98451d4306229ecd12eb46f13091
Drama_QCAA_Practice_App_v1_Standalone.html,43026,45328,44b5475c5350e404942f9db84c65cad473bb0acf2e46d03945871184ea970bda,d85deee92060228c236fe8cb885a34cf9fb7cef839677c37d98aa50c0c78c6bd
Engineering_Report_Guidance_App_v1_2_Standalone.html,164301,166603,b4c5dc695ca62c681c90cd33712e89880ba5dfd846314916256e93af058d5f32,54851027f18fd1d7e7644c8870f9782d420b73d8d0b2c3d8a6f744c7934184b5
Engineering_Unit1_Revision_App_v1_Standalone.html,182613,184915,2a743dab68f6e8251f4323df43380a3f516e1f504be7ff4fa5f7748001768fc5,e77ab2c922778f107b89f268b73aa4943faff89a116785eb004e2ebc86d20fe2
Engineering_Unit2_Revision_App_v1_1_Standalone.html,174362,176664,ff7b424ee5085a52e273297fb8f78ddbd31f144b7c545e536fefa5e8e5a74ab5,2a87ffed61331437e11a9a3e37a13929a0dec00122014bdb357152d9ca3c2569
Engineering_Unit3_Revision_App_v1_1_Standalone.html,168333,170635,ed04c6870be21ced8a96d51600267307d737bd8810a215f9f9f5cb2d9c187605,159b25b1dc67ee3ff641b6673927996dab953d0e17a651e8f790610ac388ae49
Engineering_Unit4_Practice_App_v2_3_Standalone.html,534063,536365,463cf5aa38adf5a0a9d64d034f906e87dedba1a9a94caa196e4ec5f882fd5ace,6e7da7bfca595efe3d7d7238a641f8bc13ee17317d62977b834cb201e83c0a26
English_QCAA_Practice_App_v1_1_Standalone.html,57571,59873,a71d1b5c5bd9562702c0ba2019442aa9d39603243d44226e3c0ed9ff67cf2ccb,35e00c3fc6eac6929b7a6b156783c85fd76fdc5b60a62fd3be79d13c65e3caf9
FTVNM_Practice_v1_Standalone.html,142248,144550,a0aa2ab052e56a965543698e18c5fd563270cc671826176623f667a71e7efa78,d458747e4d2956283b5e6f5bf0fd3cbce2dca04365d067219f8bd3c2df6361a9
French_QCAA_Revision_App_v1_Standalone.html,135259,137561,56d92231e41704e103849a207293d52b8eec8e91921f925bf54ad92148636570,82a7e6a2bc36a89a4d7b62e5f2c1c875abd339f4b1fa385f7b3e92507db1f761
General_Mathematics_QCAA_Practice_App_v1_Standalone.html,252031,254333,0fed46f5267e7317fb679beb34279c15257fbc6262612ac3e23a7613998454d6,4ac5a8e8c7fd09964686cae007be4f0ee7275320123fce3839b1a101b3f4d86f
Geography_QCAA_Practice_App_v1_Standalone.html,305581,307883,4617f6f79b3fba55baa5ede917814fc8a7babfbfe27799ca74bc81dfabfb7ffb,5bd6634ee6e5742b5787f1be07f9ff2cdc8b1481166f1cd25b374f54379c2d8b
German_QCAA_Revision_App_v1_Standalone.html,76379,78681,d020cbae9d02d71b4e18087c36c312e555ec63d8154983fece5228ce7ce69249,e6a73cd9e73ff79fe20b70cfa4b1403601798e37ede672d788e70e322058ad8e
Health_QCAA_Practice_App_v1_Standalone.html,370099,372401,4f3f7b5280643948cd4497c30ec0f9815997e3b859436eb53320768ad6528245,8aa098aba608b3442a019875f18e554731533aa86e09b5236104a09fa5da6342
Italian_QCAA_Revision_App_v1_Standalone.html,75807,78109,af5df800e55bc77bb301e1d9109024a1426daec5ffaef5dadd12c462ebd68353,086dfe440fee82edff6fc77e36c16c0b62f41314194a5688fcbb5d594077aff9
Legal_Studies_QCAA_Practice_App_v1_Standalone.html,346943,349245,39df2377104c0bc0e9370051cf93c1ceaaaf55f1599aaccec3505eff26b4a67b,e7141736c228579ed64149e4a3b622c825530e4fef1dd91e3722816e10d199d1
Literature_QCAA_Practice_App_v1_Standalone.html,61886,64188,ce5d0c36ee4aa0f17848cada89cb51d645649e1202bf91394e513764d634e6dc,eefa31a4612ae73256f02b95b2867e581ae6866cc921e917c23968c7e4b8b1b0
Marine_Science_Practice_v1_Standalone.html,70369,72671,a5e19c926d10ef23f1bff4fcf2563f36006e089b10d2be08270e076f00719969,51c1c660f1260fc4bf4775c30f7a23b554a12c44c818178ef4d7fdfbd1839482
Mathematical_Methods_QCAA_Practice_App_v1_Standalone.html,241307,243609,63938964e9659bf58d8eb6dfcb7f0a03c715b8ccab1dcc59d39610bb6261b7c0,e595dff26b0872893fbe72b982f4adad41134cf77b6b4c219248acc728eed6fc
Modern_History_QCAA_Practice_App_v1_Standalone.html,361422,363724,c74006168efdb8fc635ec84f97985674e76887ee28e7993a5e4e933918bc1212,217f89d8bcc315ce2177cbacd00e5daf76978a1ee04268e5f3402fb59706e130
Music_QCAA_Practice_App_v1.2_Standalone.html,56410,58712,273bd84da0ab03b29cae64071647d1c443f5cc778823b98f3d1c2fa62378d954,4280414b3ae085209063a4791e744edddf72ff1bb36a3aeddb4e5e189b660e40
NSW_HSC_Engineering_Studies_Revision_App_v1_Standalone.html,95468,97770,d4846b4ae01d792621d1bae3f731f1dfabd1eae546ad088b040be23cbb406f06,9e183c7cbd26c52f0a822216cb0eb206efc0884919ab26fbe17d4b9c2d172036
Physical_Education_QCAA_Practice_App_v1_Standalone.html,338816,341118,3539c461cdc1bcbbf7fb5d56c44805cbcd45b1767d06a3e4d2c08951c9f0d597,e87b2b1c8406270197db606c9f7088cdebd56ddf86e7c02119572d62e42a7cd6
Physics_QCAA_Practice_App_v1_Standalone.html,207794,210096,2ff7c40a99bfa334ed661b91e16443cef200f09475209b354dd1821f52d69c98,c1adb5e62d74e5b2591247dc928d981b008b42f326a7d40f9860ea7ae2f10e0e
Psychology_QCAA_Practice_App_v1_Standalone.html,326251,328553,9dbedd09b06294253670c623045d228d2f6d07b5b8682ee0f69c6aff39072481,b9a7829cd676e14efc8885893ffd8d5631f2080b28e7664da2284c1b22ddeb0a
School_Practice_Hub_2026.html,7443123,7445425,148d9daf4288e9648ab467c4bdbb63a268366724ea01b1ddd6c19793a0190370,da2d07dcf831fca8bd5ef8b06bfcf0554534bbbeba78ead7373ee98a8d03b28b
Spanish_QCAA_Revision_App_v1_Standalone.html,83243,85545,42c2e15e12ca2d7d5bfbf38bd301d508e1db10a97be8e8eb319491d192a30f6b,797bd9f1aeb8528b6d235c71c71a68ca54ac3b3613f1a45617cf0db58bf8f1d5
Specialist_Mathematics_QCAA_Practice_App_v1_Standalone.html,257267,259569,8718aad474103cf245d0d83e780c1348b7277a47ef27e006a88004a87b771af7,541099172c171a86cecfc70e0802d29c0850311f230690d387b4c4a1889db3bf
Visual_Art_QCAA_Practice_App_v1_Standalone.html,139961,142263,88b92edd86341a667b611ca854d268c4b9484b1c4f36f82c42a47d8e437a751d,a8fd3372db83eb28d02060abb5170a40cb5f0943b0f70bf73c2d0f34f039158a
