name,category,version,filename,bytes,sha256
Engineering Report Guidance,Engineering,v1.2,Engineering_Report_Guidance_App_v1_2_Standalone.html,167604,56af9c881af67ffebcad22e222a48dca47388ae295810e8c48fb017db9858349
Engineering — Unit 1,Engineering,v1,Engineering_Unit1_Revision_App_v1_Standalone.html,185916,74e690a859e6087d9259be8157fe5c06c428c7204a53c8cc8b699fdcd1a264c4
Engineering — Unit 2,Engineering,v1.1,Engineering_Unit2_Revision_App_v1_1_Standalone.html,177665,93e8056132f314a8b5acc6fa5933a98bfe3cf8823a98c838aee68f18ed4d35cb
Engineering — Unit 3,Engineering,v1.1,Engineering_Unit3_Revision_App_v1_1_Standalone.html,171636,89a4a37854ffe9687baa926eabb709a8b19c63af341cf8c5c0693f9474f6169b
Engineering — Unit 4 / External,Engineering,v2.3,Engineering_Unit4_Practice_App_v2_3_Standalone.html,537366,606038a5da70b217b4836771136635c97c8bd7dfb7fd568215c088551a1a7457
General Mathematics,Mathematics,v1,General_Mathematics_QCAA_Practice_App_v1_Standalone.html,255334,6921b6e090d1e91cc45c313eafa5e03749caf5103e512a3e0ab0bc79cf10fff1
Mathematical Methods,Mathematics,v1,Mathematical_Methods_QCAA_Practice_App_v1_Standalone.html,244610,1886f68bb43dac3004e76c248413ae3b0ed79888153f0f951785f63c26fa9698
Specialist Mathematics,Mathematics,v1,Specialist_Mathematics_QCAA_Practice_App_v1_Standalone.html,260570,ffd5cc7c36e0c0b5e8dcad1ef5101d8ba7a3e1e9d56687ca8f4f04c5dc5512eb
Agricultural Science,Sciences,v1,Agricultural_Science_QCAA_Practice_App_v1_Standalone.html,81948,05d422b6efe86c7f3bd46711827abdab58a884ce7368efd1b2825065dbed3473
Biology,Sciences,v1,Biology_QCAA_Practice_App_v1_Standalone.html,280436,25b2267708a29d446086ac80942d31f22a8767c23bbaf004cd358b0d5b2f1fa9
Chemistry,Sciences,v1,Chemistry_QCAA_Practice_App_v1_Standalone.html,268305,187d4ed9d0d32ba99d8b44898c396f6bc72711b9c3bd4dec97c927412314627a
Earth & Environmental Science,Sciences,v1,Earth_Environmental_Science_QCAA_Practice_App_v1_Standalone.html,103927,139477be795dc71a79a76e316ab96c1e0e7b951d29f44ba3350eae72c4e69463
Marine Science,Sciences,v1,Marine_Science_Practice_v1_Standalone.html,73672,0c5817b2e0c79aac818e4bd1a4cdd534b7887e440f8bbdec6b443af1361fda36
Physics,Sciences,v1,Physics_QCAA_Practice_App_v1_Standalone.html,211097,6bc3d1a7ac46dd5870f7b6ae76db27aa1f1c869ddac9d29d6e29789111c87710
Psychology,Sciences,v1,Psychology_QCAA_Practice_App_v1_Standalone.html,329554,323af9b114c6aa57f781d4c099a8031d3f7741c16a81d154a6c578f391399ca4
Aboriginal & Torres Strait Islander Studies,Humanities & Business,v1,Aboriginal_Torres_Strait_Islander_Studies_QCAA_Practice_App_v1_Standalone.html,78055,ddcc7eaeb1e4c9ee385816a18bde8f1392bd77c7e449614684037af0466d9521
Accounting,Humanities & Business,v1,Accounting_QCAA_Revision_App_v1_Standalone.html,122395,856c066e749678fd178d62ff07c3fa5820df862424513969c5de682a7463bfc3
Ancient History,Humanities & Business,v1,Ancient_History_QCAA_Practice_App_v1_Standalone.html,94314,d497a2929d151857e31083a55d6cbae32e58fd765bc41a93377a7774d0a83aac
Business,Humanities & Business,v1,Business_QCAA_Practice_App_v1_Standalone.html,351982,c0b8aecddb1ddbf7227c7cf9aff38cc0cde742824b5b4acec7653c44c19c402c
Economics,Humanities & Business,v1,Economics_QCAA_Practice_App_v1_Standalone.html,85144,df85d7f96da885b3bfbfc96f6c447f43b560d615eed6849b19143d68fac6bdc7
Geography,Humanities & Business,v1,Geography_QCAA_Practice_App_v1_Standalone.html,308884,2cf8353fd5764f7289da2096e0686fd9e51df9a2cda8d2b6844a4482a6aeab71
Legal Studies,Humanities & Business,v1,Legal_Studies_QCAA_Practice_App_v1_Standalone.html,350246,e11d19192d605a7fe243acd9ac8785aeb907b1f4df493207d0f54ed1b7e6ddfd
Modern History,Humanities & Business,v1,Modern_History_QCAA_Practice_App_v1_Standalone.html,364725,152a6960d785683a905399dad2acb144b2e680cade9c20f85abd50224a659e39
Philosophy & Reason,Humanities & Business,v1,Philosophy_Reason_QCAA_Practice_App_v1_Standalone.html,77930,d10fe919e20c8491b6d7be9ec854a5aa8682e815930a02090f5a0cbdd98e87d3
Study of Religion,Humanities & Business,v1,Study_of_Religion_QCAA_Practice_App_v1_Standalone.html,80816,561c3a6853086239c90af8fbd2540ebea3e91ee5d7db6daeec0c3b1951568c4e
English,English,v1.1,English_QCAA_Practice_App_v1_1_Standalone.html,60874,eb18514830fc4e0a81ec94c6425292de6d60567892f6b30f600e5934aa23f4fd
English as an Additional Language,English,v1,English_as_Additional_Language_QCAA_Practice_App_v1_Standalone.html,86119,19b6ee88156cc169c2c4dad206dc80d85f8105b374ce3ff53014b2edd76a23de
Literature,English,v1,Literature_QCAA_Practice_App_v1_Standalone.html,65189,48c39d1ed75befffd8a43a08ba942674975478257ddf19f9d7cc14ef6305a949
Aerospace Systems,Technologies,v1,Aerospace_Systems_QCAA_Practice_App_v1_Standalone.html,100003,4041df0bf79105a9d5a9936da5380bb3a9ccf810c566b446a8722dc18197388c
Design,Technologies,v1.2,Design_QCAA_Practice_App_v1.2_Standalone.html,78689,5c1469edc03539c39cf22e4b19507ccb11e69ac61e9177e3902792e9b04bb16b
Digital Solutions,Technologies,v1,Digital_Solutions_QCAA_Practice_App_v1_Standalone.html,101166,3ea8a81910d3876e788f75187228de64a70623ade74cecfafdc5532c2259f70d
Food & Nutrition,Technologies,v1,Food_Nutrition_QCAA_Practice_App_v1_Standalone.html,54612,4e04233212da2b92f4c800e3d4894a3af6de0c419607d0684fcd61d285c5f252
Dance,Arts & Media,v1,Dance_QCAA_Practice_App_v1_Standalone.html,66996,e93ff1ecdbd43b02fc8fb761e6f241f2ccb8e326fd253be65f86326516fe5379
Drama,Arts & Media,v1,Drama_QCAA_Practice_App_v1_Standalone.html,46329,b2671524b27581787a15068cd9baf28dd4d4c6aa9d248eb6c480ea1541b68776
"Film, Television & New Media",Arts & Media,v1,FTVNM_Practice_v1_Standalone.html,145551,8507a09c907fcadbe7c14892a49a89b3d8b6e9e447b7a1233ad3def8a8f78184
Music,Arts & Media,v1.2,Music_QCAA_Practice_App_v1.2_Standalone.html,59713,54db4e3da83838cb1d511f925cece789f38b97d9632ae0932f65812a40301aa5
Visual Art,Arts & Media,v1,Visual_Art_QCAA_Practice_App_v1_Standalone.html,143264,fb22c9048cd531e612f819cf6f262170362f2870720335d4ac70c0e5973930d7
Health,Health & PE,v1,Health_QCAA_Practice_App_v1_Standalone.html,373402,95582c43ad857cbf21e1f31c5aa2a2aee8c1f1282c4d2ef576375d57a06806e6
Physical Education,Health & PE,v1,Physical_Education_QCAA_Practice_App_v1_Standalone.html,342119,71d0e08d7d0d3fd5a160cde943a98a9057bb266d1a468eb964269911a5d9e0d7
Chinese,Languages,v1,Chinese_QCAA_Revision_App_v1_Standalone.html,127004,57d14da5f39f9d1515b415b2607cbc61dc3ee26e19c94b7bf939a2f79e2cd3fe
French,Languages,v1,French_QCAA_Revision_App_v1_Standalone.html,138562,c464a5dcf3d6e3fa557bdead1f91480fa280283ad08bbbf7eb8e603e5a1a57e4
German,Languages,v1,German_QCAA_Revision_App_v1_Standalone.html,79682,5d959bd89db14de2e31808d9acd5ec6af48ac9ed146f056c3fd47c9fb148844f
Italian,Languages,v1,Italian_QCAA_Revision_App_v1_Standalone.html,79110,20c8147723df664bd48d3e10b564803843265843b4149cff4d822b5a3e9725f1
Japanese,Languages,v1,Japanese_QCAA_Revision_App_v1_Standalone.html,81278,8dea4a7756943bbc587ca01ea1ddbd89cf0ef8b84d2626de92cb001628f2dd3e
Spanish,Languages,v1,Spanish_QCAA_Revision_App_v1_Standalone.html,86546,a6abc08a9f034df97eb7dfe71a8415c0962a5a417f149c0a1af0116646dfb90e
NSW HSC Engineering Studies,Interstate bonus,v1,NSW_HSC_Engineering_Studies_Revision_App_v1_Standalone.html,98771,d68fdc0d23a39db63585d5814767977f649b1c8e27376077e3f82b1107cf4efe
